LOCATION,Country,Time,Value
AUS,Australia,2013,-2010639602
AUS,Australia,2014,-2262769383
AUS,Australia,2015,-2044742786
AUS,Australia,2016,-1975336598
AUS,Australia,2017,-2080883354
AUS,Australia,2018,-2143630469
AUS,Australia,2019,-1951653531
AUT,Austria,2013,-784137666
AUT,Austria,2014,-913812330
AUT,Austria,2015,-872684530
AUT,Austria,2016,-752492015
AUT,Austria,2017,-889156394
AUT,Austria,2018,-1062780981
AUT,Austria,2019,-950683642
BEL,Belgium,2013,-503145738
BEL,Belgium,2014,-405501307
BEL,Belgium,2015,-238855959
BEL,Belgium,2016,-211740216
BEL,Belgium,2017,-205234594
BEL,Belgium,2018,-185850305
BEL,Belgium,2019,-420871968
CAN,Canada,2013,-3909671981
CAN,Canada,2014,-3960094564
CAN,Canada,2015,-3422735934
CAN,Canada,2016,-3097029302
CAN,Canada,2017,-3324287837
CAN,Canada,2018,-3454736328
CAN,Canada,2019,-3140863808
CZE,Czechia,2013,108783664
CZE,Czechia,2014,117604840
CZE,Czechia,2015,444166031
CZE,Czechia,2016,418358618
CZE,Czechia,2017,111118374
CZE,Czechia,2018,53566785
CZE,Czechia,2019,67530602
DNK,Denmark,2013,-181592539
DNK,Denmark,2014,-228945278
DNK,Denmark,2015,-199686183
DNK,Denmark,2016,-180482715
DNK,Denmark,2017,-241310550
DNK,Denmark,2018,-175399112
DNK,Denmark,2019,-244970451
FIN,Finland,2013,-210407153
FIN,Finland,2014,-212860294
FIN,Finland,2015,-204564935
FIN,Finland,2016,-199633562
FIN,Finland,2017,-188221505
FIN,Finland,2018,-202505663
FIN,Finland,2019,-203487152
FRA,France,2013,555843356
FRA,France,2014,-338519009
FRA,France,2015,-11979886
FRA,France,2016,843073490
FRA,France,2017,-216307265
FRA,France,2018,123298033
FRA,France,2019,597291965
DEU,Germany,2013,835405999
DEU,Germany,2014,399826994
DEU,Germany,2015,178963146
DEU,Germany,2016,327417885
DEU,Germany,2017,-155841591
DEU,Germany,2018,-13866974
DEU,Germany,2019,-514946006
GRC,Greece,2013,-129049420
GRC,Greece,2014,-185146841
GRC,Greece,2015,-133784825
GRC,Greece,2016,-108258122
GRC,Greece,2017,-141660091
GRC,Greece,2018,-178497775
GRC,Greece,2019,-159203584
HUN,Hungary,2013,-113089334
HUN,Hungary,2014,-90756661
HUN,Hungary,2015,-112653388
HUN,Hungary,2016,-55167907
HUN,Hungary,2017,-220152119
HUN,Hungary,2018,-41569048
HUN,Hungary,2019,-128609758
ISL,Iceland,2013,-23102092
ISL,Iceland,2014,-25424560
ISL,Iceland,2015,-24891908
ISL,Iceland,2016,-29447892
ISL,Iceland,2017,-33876239
ISL,Iceland,2018,-35261340
ISL,Iceland,2019,-29341832
IRL,Ireland,2013,-253068589
IRL,Ireland,2014,-284511834
IRL,Ireland,2015,-283402253
IRL,Ireland,2016,-421118228
IRL,Ireland,2017,-470466162
IRL,Ireland,2018,-375569671
IRL,Ireland,2019,-360390510
ITA,Italy,2013,6727877476
ITA,Italy,2014,6572996518
ITA,Italy,2015,5212222473
ITA,Italy,2016,4910908312
ITA,Italy,2017,5246310351
ITA,Italy,2018,5546371901
ITA,Italy,2019,5868130872
JPN,Japan,2013,-1224759168
JPN,Japan,2014,-765571801
JPN,Japan,2015,-349167620
JPN,Japan,2016,128994131
JPN,Japan,2017,-466043941
JPN,Japan,2018,350394959
JPN,Japan,2019,-99873417
KOR,Republic of Korea,2013,1576429110
KOR,Republic of Korea,2014,1742525476
KOR,Republic of Korea,2015,1947134143
KOR,Republic of Korea,2016,1662704548
KOR,Republic of Korea,2017,2123450757
KOR,Republic of Korea,2018,1614521740
KOR,Republic of Korea,2019,3733808207
LUX,Luxembourg,2013,-106371902
LUX,Luxembourg,2014,-71317899
LUX,Luxembourg,2015,-99498200
LUX,Luxembourg,2016,-188013967
LUX,Luxembourg,2017,-137955875
LUX,Luxembourg,2018,-206354128
LUX,Luxembourg,2019,-174289761
MEX,Mexico,2013,-1103727092
MEX,Mexico,2014,-1335156714
MEX,Mexico,2015,-1347500227
MEX,Mexico,2016,-1481473718
MEX,Mexico,2017,-2097668754
MEX,Mexico,2018,-2943868649
MEX,Mexico,2019,-2552590980
NLD,Netherlands,2013,-5985407
NLD,Netherlands,2014,-38101925
NLD,Netherlands,2015,-499324303
NLD,Netherlands,2016,-235580183
NLD,Netherlands,2017,-111371931
NLD,Netherlands,2018,-119345211
NLD,Netherlands,2019,36201264
NZL,New Zealand,2013,-357556703
NZL,New Zealand,2014,-382603858
NZL,New Zealand,2015,-367935373
NZL,New Zealand,2016,-405806828
NZL,New Zealand,2017,-408314057
NZL,New Zealand,2018,-370631406
NZL,New Zealand,2019,-361863417
NOR,Norway,2013,-554831883
NOR,Norway,2014,-646889010
NOR,Norway,2015,-581640122
NOR,Norway,2016,-535830664
NOR,Norway,2017,-621974031
NOR,Norway,2018,-577583491
NOR,Norway,2019,-547916618
POL,Poland,2013,-210563626
POL,Poland,2014,-529541117
POL,Poland,2015,89454869
POL,Poland,2016,166112487
POL,Poland,2017,-17286113
POL,Poland,2018,-198403856
POL,Poland,2019,300208429
PRT,Portugal,2013,-110883580
PRT,Portugal,2014,-161666857
PRT,Portugal,2015,-192818377
PRT,Portugal,2016,-213175800
PRT,Portugal,2017,-217894811
PRT,Portugal,2018,-274237259
PRT,Portugal,2019,-238068022
SVK,Slovakia,2013,-39695507
SVK,Slovakia,2014,-42766725
SVK,Slovakia,2015,-48905527
SVK,Slovakia,2016,-25694374
SVK,Slovakia,2017,22226933
SVK,Slovakia,2018,61125888
SVK,Slovakia,2019,-2068644
ESP,Spain,2013,59798609
ESP,Spain,2014,-509808433
ESP,Spain,2015,-397445555
ESP,Spain,2016,-418148332
ESP,Spain,2017,-441762103
ESP,Spain,2018,-111004786
ESP,Spain,2019,-131324529
SWE,Sweden,2013,-444234458
SWE,Sweden,2014,-487306563
SWE,Sweden,2015,-377201432
SWE,Sweden,2016,-390540391
SWE,Sweden,2017,-382480784
SWE,Sweden,2018,-352771752
SWE,Sweden,2019,-298389855
CHE,Switzerland,2013,-1187487016
CHE,Switzerland,2014,613175350
CHE,Switzerland,2015,-672434040
CHE,Switzerland,2016,561996144
CHE,Switzerland,2017,-1241952943
CHE,Switzerland,2018,-5525277928
CHE,Switzerland,2019,-7776499050
TUR,Turkey,2013,2809683382
TUR,Turkey,2014,3797407495
TUR,Turkey,2015,3578961515
TUR,Turkey,2016,3614107367
TUR,Turkey,2017,3777346803
TUR,Turkey,2018,3823847320
TUR,Turkey,2019,3721202094
GBR,United Kingdom of Great Britain and Northern Ireland,2013,1554822592
GBR,United Kingdom of Great Britain and Northern Ireland,2014,2555074866
GBR,United Kingdom of Great Britain and Northern Ireland,2015,4626444542
GBR,United Kingdom of Great Britain and Northern Ireland,2016,3897303556
GBR,United Kingdom of Great Britain and Northern Ireland,2017,4612878832
GBR,United Kingdom of Great Britain and Northern Ireland,2018,4593734497
GBR,United Kingdom of Great Britain and Northern Ireland,2019,10629094154
USA,United States of America,2013,-6623160460
USA,United States of America,2014,-5038373688
USA,United States of America,2015,-9777895038
USA,United States of America,2016,-9030394867
USA,United States of America,2017,-11718540471
USA,United States of America,2018,-11833726700
USA,United States of America,2019,-12764314997
AFG,Afghanistan,2018,-138892560
ALB,Albania,2013,-38922046
ALB,Albania,2014,-18159886
ALB,Albania,2015,-25084598
ALB,Albania,2016,-32527386
ALB,Albania,2017,-29317531
ALB,Albania,2018,-35048620
DZA,Algeria,2013,-1153745740
DZA,Algeria,2014,-371135538
DZA,Algeria,2015,-284486042
DZA,Algeria,2016,-207563305
DZA,Algeria,2017,-110530398
AND,Andorra,2013,-25348630
AND,Andorra,2014,-21670750
AND,Andorra,2015,-20546462
AND,Andorra,2016,-24681754
AND,Andorra,2017,-24406485
AND,Andorra,2018,-41119593
ATG,Antigua and Barbuda,2013,-10731687
ATG,Antigua and Barbuda,2014,-11581776
ATG,Antigua and Barbuda,2015,-10681107
ATG,Antigua and Barbuda,2016,-9591061
ATG,Antigua and Barbuda,2017,-7145412
ATG,Antigua and Barbuda,2018,-13022365
ATG,Antigua and Barbuda,2019,-9765395
ARG,Argentina,2013,-221512409
ARG,Argentina,2014,-190432112
ARG,Argentina,2015,-219727258
ARG,Argentina,2016,-241649319
ARG,Argentina,2017,-360331369
ARG,Argentina,2018,-301939479
ARG,Argentina,2019,-65517439
ARM,Armenia,2013,6838746
ARM,Armenia,2014,6221371
ARM,Armenia,2015,9909653
ARM,Armenia,2016,7437506
ARM,Armenia,2017,14550509
ARM,Armenia,2018,19934140
ARM,Armenia,2019,19632790
ABW,Aruba,2013,-49811565
ABW,Aruba,2014,-50917365
ABW,Aruba,2015,-40573078
ABW,Aruba,2016,-31140198
ABW,Aruba,2017,-35733206
ABW,Aruba,2018,-41155640
ABW,Aruba,2019,-40878455
AZE,Azerbaijan,2013,-21823069
AZE,Azerbaijan,2014,-21025693
AZE,Azerbaijan,2015,-12875199
AZE,Azerbaijan,2016,-21377419
AZE,Azerbaijan,2017,-27449862
AZE,Azerbaijan,2018,-33110750
AZE,Azerbaijan,2019,-37476422
BHS,Bahamas,2013,-55950095
BHS,Bahamas,2014,-50678760
BHS,Bahamas,2015,-58864441
BHS,Bahamas,2016,-48160595
BHS,Bahamas,2017,-59059505
BHS,Bahamas,2018,-74424517
BHR,Bahrain,2013,470329388
BHR,Bahrain,2014,237697473
BHR,Bahrain,2015,-11728286
BHR,Bahrain,2016,-55982117
BHR,Bahrain,2017,-152831404
BHR,Bahrain,2018,-166188806
BGD,Bangladesh,2013,-102890839
BGD,Bangladesh,2015,-400519323
BRB,Barbados,2013,-20160445
BRB,Barbados,2014,-20363357
BRB,Barbados,2015,1451994
BRB,Barbados,2016,766931
BRB,Barbados,2017,-9832675
BRB,Barbados,2018,-4275599
BRB,Barbados,2019,-213823
BLR,Belarus,2013,-108359100
BLR,Belarus,2014,-103673200
BLR,Belarus,2015,-72283100
BLR,Belarus,2016,-74222800
BLR,Belarus,2017,-82483200
BLR,Belarus,2018,-77630900
BLR,Belarus,2019,-96320100
BLZ,Belize,2013,-11913131
BLZ,Belize,2014,-5868531
BLZ,Belize,2015,-7320162
BLZ,Belize,2016,-5747826
BLZ,Belize,2017,-5944443
BLZ,Belize,2018,-6939197
BLZ,Belize,2019,-4923936
BEN,Benin,2013,-10934167
BEN,Benin,2014,-9010054
BEN,Benin,2015,-4491116
BEN,Benin,2016,-3088328
BEN,Benin,2017,-2951181
BEN,Benin,2018,-2408370
BEN,Benin,2019,-2969211
BMU,Bermuda,2013,-475337
BMU,Bermuda,2014,-9450527
BMU,Bermuda,2015,-16494070
BMU,Bermuda,2016,-18042664
BMU,Bermuda,2017,-9747522
BMU,Bermuda,2018,-15662906
BMU,Bermuda,2019,-33535199
BOL,Bolivia (Plurinational State of),2013,88244454
BOL,Bolivia (Plurinational State of),2014,54425782
BOL,Bolivia (Plurinational State of),2015,94784729
BOL,Bolivia (Plurinational State of),2016,117546077
BOL,Bolivia (Plurinational State of),2017,96552577
BOL,Bolivia (Plurinational State of),2018,70803173
BIH,Bosnia and Herzegovina,2013,-43853422
BIH,Bosnia and Herzegovina,2014,-41692669
BIH,Bosnia and Herzegovina,2015,-36646404
BIH,Bosnia and Herzegovina,2016,-32808246
BIH,Bosnia and Herzegovina,2017,-43072054
BIH,Bosnia and Herzegovina,2018,-52085153
BIH,Bosnia and Herzegovina,2019,-44857027
BWA,Botswana,2013,-18109056
BWA,Botswana,2014,-20910560
BWA,Botswana,2015,-16072262
BWA,Botswana,2016,-14425804
BWA,Botswana,2017,-13192845
BWA,Botswana,2018,-14916125
BWA,Botswana,2019,-15502595
BRA,Brazil,2013,-561619743
BRA,Brazil,2014,-686132166
BRA,Brazil,2015,-422905303
BRA,Brazil,2016,-74604595
BRA,Brazil,2017,-155723750
BRA,Brazil,2018,-103915446
BRA,Brazil,2019,-42489289
BRN,Brunei Darussalam,2013,-29652104
BRN,Brunei Darussalam,2014,-81428996
BRN,Brunei Darussalam,2015,-23543960
BRN,Brunei Darussalam,2016,-19037689
BRN,Brunei Darussalam,2017,-11203831
BRN,Brunei Darussalam,2018,-11514199
BRN,Brunei Darussalam,2019,-11962488
BGR,Bulgaria,2013,-107232052
BGR,Bulgaria,2014,-106554613
BGR,Bulgaria,2015,-70171727
BGR,Bulgaria,2016,-72315629
BGR,Bulgaria,2017,-98881827
BGR,Bulgaria,2018,-83976471
BGR,Bulgaria,2019,-91161977
BFA,Burkina Faso,2013,-5496640
BFA,Burkina Faso,2014,-5351983
BFA,Burkina Faso,2015,-4887278
BFA,Burkina Faso,2016,-5404614
BFA,Burkina Faso,2017,-6761392
BFA,Burkina Faso,2018,-23222417
BFA,Burkina Faso,2019,-5129407
BDI,Burundi,2013,-4816535
BDI,Burundi,2014,-2206578
BDI,Burundi,2015,-2586724
BDI,Burundi,2016,-9680331
BDI,Burundi,2017,-5724303
BDI,Burundi,2018,-2664095
BDI,Burundi,2019,-3084553
KHM,Cambodia,2013,-803717960
KHM,Cambodia,2014,-862225552
KHM,Cambodia,2015,-1038906192
KHM,Cambodia,2016,-1153986580
KHM,Cambodia,2017,-1252583829
KHM,Cambodia,2018,-1581711639
KHM,Cambodia,2019,-1611389869
CMR,Cameroon,2013,-25048215
CMR,Cameroon,2014,-24815070
CMR,Cameroon,2015,-23848066
CMR,Cameroon,2016,-17791769
CMR,Cameroon,2017,-19163427
CPV,Cabo Verde,2014,-2707412
CPV,Cabo Verde,2015,-2905652
CPV,Cabo Verde,2018,-2145678
CPV,Cabo Verde,2019,-2213502
CAF,Central African Republic,2013,-385422
CAF,Central African Republic,2014,-329944
CAF,Central African Republic,2017,-1805568
CAF,Central African Republic,2018,-1440015
CHL,Chile,2013,-384858822
CHL,Chile,2014,-336036072
CHL,Chile,2015,-294241030
CHL,Chile,2016,-300077864
CHL,Chile,2017,-334766290
CHL,Chile,2018,-366752920
CHL,Chile,2019,-346067515
CHN,China,2013,56444648283
CHN,China,2014,71784102083
CHN,China,2015,42985456992
CHN,China,2016,36102966921
CHN,China,2017,36940196714
CHN,China,2018,39709426903
CHN,China,2019,37717726230
COL,Colombia,2013,-127710395
COL,Colombia,2014,-193635587
COL,Colombia,2015,-137701444
COL,Colombia,2016,-129193319
COL,Colombia,2017,-119158186
COL,Colombia,2018,-160507823
COL,Colombia,2019,-143359892
COM,Comoros,2013,-318718
COM,Comoros,2014,-758990
COM,Comoros,2015,-354912
COM,Comoros,2016,-475642
COM,Comoros,2017,-404554
COM,Comoros,2018,-810157
COM,Comoros,2019,-102819
COG,Congo,2013,-6395733
COG,Congo,2014,-4756414
COG,Congo,2015,-4431428
COG,Congo,2016,-3854386
COG,Congo,2017,-4201094
COG,Congo,2018,-3018062
COG,Congo,2019,-5572348
CRI,Costa Rica,2013,-67565535
CRI,Costa Rica,2014,-64873829
CRI,Costa Rica,2015,-67569657
CRI,Costa Rica,2016,-76804901
CRI,Costa Rica,2017,-80252012
CRI,Costa Rica,2018,-74754464
CRI,Costa Rica,2019,-67415513
CIV,Côte d'Ivoire,2013,-27788155
CIV,Côte d'Ivoire,2014,-31845639
CIV,Côte d'Ivoire,2015,-26092579
CIV,Côte d'Ivoire,2016,-28985579
CIV,Côte d'Ivoire,2017,-22209258
CIV,Côte d'Ivoire,2018,-32884054
CIV,Côte d'Ivoire,2019,-34894308
HRV,Croatia,2013,-52284072
HRV,Croatia,2014,-51328586
HRV,Croatia,2015,-49166103
HRV,Croatia,2016,-48240142
HRV,Croatia,2017,-66190963
HRV,Croatia,2018,-61543341
HRV,Croatia,2019,-67655127
CYP,Cyprus,2013,-33939195
CYP,Cyprus,2014,-43673829
CYP,Cyprus,2015,-118170831
CYP,Cyprus,2016,-40700019
CYP,Cyprus,2017,-8478201
CYP,Cyprus,2018,-53979255
CYP,Cyprus,2019,-36829627
DOM,Dominican Republic,2013,-14174277
DOM,Dominican Republic,2014,-10995412
DOM,Dominican Republic,2015,68353128
DOM,Dominican Republic,2016,-7658536
DOM,Dominican Republic,2017,-114429811
DOM,Dominican Republic,2018,-147539887
ECU,Ecuador,2013,-155070795
ECU,Ecuador,2014,-173517903
ECU,Ecuador,2015,-112265019
ECU,Ecuador,2016,-81460316
ECU,Ecuador,2017,-110957697
ECU,Ecuador,2018,-121376260
ECU,Ecuador,2019,-116823038
EGY,Egypt,2013,-45770169
EGY,Egypt,2014,-10646163
EGY,Egypt,2015,-40586410
EGY,Egypt,2016,-138956377
EGY,Egypt,2017,-211962447
EGY,Egypt,2018,-317109895
EGY,Egypt,2019,-267536548
SLV,El Salvador,2013,-36047545
SLV,El Salvador,2014,-63281523
SLV,El Salvador,2015,-72523149
SLV,El Salvador,2016,-65423981
SLV,El Salvador,2017,-70735624
SLV,El Salvador,2018,-78873679
SLV,El Salvador,2019,-67103651
EST,Estonia,2013,109872874
EST,Estonia,2014,69032050
EST,Estonia,2015,33039415
EST,Estonia,2016,43862841
EST,Estonia,2017,27277777
EST,Estonia,2018,18896829
EST,Estonia,2019,22583369
ETH,Ethiopia,2013,-53778302
ETH,Ethiopia,2014,-60609319
ETH,Ethiopia,2015,-112742617
ETH,Ethiopia,2016,-416809489
ETH,Ethiopia,2017,-48290137
ETH,Ethiopia,2018,-65583399
FJI,Fiji,2013,-25117650
FJI,Fiji,2014,-26520973
FJI,Fiji,2015,-17474084
FJI,Fiji,2016,-16938351
FJI,Fiji,2017,-21043048
FJI,Fiji,2018,-21073153
FJI,Fiji,2019,-19621262
PYF,French Polynesia,2013,-15887746
PYF,French Polynesia,2014,-15567115
PYF,French Polynesia,2015,-12609522
GMB,Gambia,2013,-2408424
GMB,Gambia,2014,-2801729
GMB,Gambia,2015,-1334146
GMB,Gambia,2016,-1344007
GMB,Gambia,2017,-1138952
GMB,Gambia,2018,-3282783
GMB,Gambia,2019,-3553117
GEO,Georgia,2013,-32968283
GEO,Georgia,2014,-30894942
GEO,Georgia,2015,-25600379
GEO,Georgia,2016,-21858293
GEO,Georgia,2017,-23486852
GEO,Georgia,2018,-24588816
GEO,Georgia,2019,-27270580
GHA,Ghana,2013,-58075661
GHA,Ghana,2014,-9367876
GHA,Ghana,2015,-44244653
GHA,Ghana,2016,-38941785
GHA,Ghana,2017,-61740469
GHA,Ghana,2018,-36261575
GHA,Ghana,2019,-43098669
GRL,Greenland,2013,-3644594
GRL,Greenland,2014,-4123061
GRL,Greenland,2015,-1929734
GRL,Greenland,2016,-2629216
GRL,Greenland,2017,-2779188
GRL,Greenland,2018,-2696171
GTM,Guatemala,2013,-92403472
GTM,Guatemala,2014,-89319521
GTM,Guatemala,2015,-65087394
GTM,Guatemala,2016,-83110755
GTM,Guatemala,2017,-87204977
GTM,Guatemala,2018,-103130079
GTM,Guatemala,2019,-96194930
GIN,Guinea,2013,-9957967
GIN,Guinea,2014,-4263346
GIN,Guinea,2015,-1792615
GIN,Guinea,2016,-2483509
GUY,Guyana,2013,-5919608
GUY,Guyana,2014,-8606909
GUY,Guyana,2015,-7008998
GUY,Guyana,2016,-10637828
GUY,Guyana,2017,-9614317
GUY,Guyana,2018,-7215323
GUY,Guyana,2019,-2447824
HND,Honduras,2014,-40057641
HND,Honduras,2015,-42167079
HND,Honduras,2016,-45569673
HND,Honduras,2017,-47995463
HND,Honduras,2018,-44843887
HND,Honduras,2019,-45084489
HKG,"China, Hong Kong Special Administrative Region",2013,-20336434094
HKG,"China, Hong Kong Special Administrative Region",2014,-22323683151
HKG,"China, Hong Kong Special Administrative Region",2015,-20072631738
HKG,"China, Hong Kong Special Administrative Region",2016,-19963659885
HKG,"China, Hong Kong Special Administrative Region",2017,-9098968017
HKG,"China, Hong Kong Special Administrative Region",2018,-8600097882
HKG,"China, Hong Kong Special Administrative Region",2019,-7859672054
IND,India,2013,9663469985
IND,India,2014,11650179845
IND,India,2015,8298185987
IND,India,2016,11167663779
IND,India,2017,9278778895
IND,India,2018,10715994199
IND,India,2019,12197358790
IDN,Indonesia,2013,112665705
IDN,Indonesia,2014,2081362770
IDN,Indonesia,2015,3214092740
IDN,Indonesia,2016,4051842572
IDN,Indonesia,2017,2528109127
IDN,Indonesia,2018,1771061872
IDN,Indonesia,2019,1751966446
IRN,Iran (Islamic Republic of),2013,-56745495
IRN,Iran (Islamic Republic of),2014,-44642311
IRN,Iran (Islamic Republic of),2015,-59926730
IRN,Iran (Islamic Republic of),2016,-53600912
IRN,Iran (Islamic Republic of),2017,-35159262
IRN,Iran (Islamic Republic of),2018,35389565
ISR,Israel,2013,-51143000
ISR,Israel,2014,19529000
ISR,Israel,2015,-33109000
ISR,Israel,2016,51417000
ISR,Israel,2017,-90114000
ISR,Israel,2018,-104091000
ISR,Israel,2019,-231335000
JAM,Jamaica,2013,-67118510
JAM,Jamaica,2014,-86199227
JAM,Jamaica,2015,-77149327
JAM,Jamaica,2016,-40174731
JAM,Jamaica,2017,-60853726
JAM,Jamaica,2018,-58823241
JAM,Jamaica,2019,-55380129
JOR,Jordan,2013,-158007215
JOR,Jordan,2014,-72199253
JOR,Jordan,2015,-22712143
JOR,Jordan,2016,44607066
JOR,Jordan,2017,-49072748
JOR,Jordan,2018,-37699236
JOR,Jordan,2019,-137980554
KAZ,Kazakhstan,2013,-232402211
KAZ,Kazakhstan,2014,-298752048
KAZ,Kazakhstan,2015,-89223088
KAZ,Kazakhstan,2016,-77069663
KAZ,Kazakhstan,2017,-127135922
KAZ,Kazakhstan,2018,-88076952
KAZ,Kazakhstan,2019,-93832871
KEN,Kenya,2013,-38626583
KEN,Kenya,2015,-39536126
KEN,Kenya,2016,-37509044
KEN,Kenya,2017,-71094178
KEN,Kenya,2018,-47072707
KEN,Kenya,2019,-50907060
KIR,Kiribati,2014,-524691
KIR,Kiribati,2015,-442072
KIR,Kiribati,2016,-537178
KWT,Kuwait,2013,-430851415
KWT,Kuwait,2014,-608818967
KWT,Kuwait,2015,-756117102
KWT,Kuwait,2016,-697520950
KWT,Kuwait,2017,-721771383
KWT,Kuwait,2018,-793392972
KWT,Kuwait,2019,-762175325
KGZ,Kyrgyzstan,2013,-16573083
KGZ,Kyrgyzstan,2014,-12758742
KGZ,Kyrgyzstan,2015,-15522475
KGZ,Kyrgyzstan,2016,-24364177
KGZ,Kyrgyzstan,2017,-26134574
KGZ,Kyrgyzstan,2018,-76280522
KGZ,Kyrgyzstan,2019,-108410767
LAO,Lao People's Democratic Republic,2013,-2002340
LAO,Lao People's Democratic Republic,2014,-1908110
LAO,Lao People's Democratic Republic,2015,3607153
LAO,Lao People's Democratic Republic,2016,-749918
LAO,Lao People's Democratic Republic,2017,902371
LAO,Lao People's Democratic Republic,2018,-3935394
LAO,Lao People's Democratic Republic,2019,-4215130
LVA,Latvia,2013,64028474
LVA,Latvia,2014,58995661
LVA,Latvia,2015,52159538
LVA,Latvia,2016,59123516
LVA,Latvia,2017,92545845
LVA,Latvia,2018,77261675
LVA,Latvia,2019,73382069
LBN,Lebanon,2013,20538340
LBN,Lebanon,2014,46264532
LBN,Lebanon,2015,-25152828
LBN,Lebanon,2016,-46643933
LBN,Lebanon,2017,-77078542
LBN,Lebanon,2018,-85122418
LSO,Lesotho,2013,-11269849
LSO,Lesotho,2014,-8378635
LSO,Lesotho,2015,-6188765
LSO,Lesotho,2016,-6671264
LSO,Lesotho,2017,-53760040
LTU,Lithuania,2013,29749897
LTU,Lithuania,2014,19105213
LTU,Lithuania,2015,20293447
LTU,Lithuania,2016,15471031
LTU,Lithuania,2017,24454963
LTU,Lithuania,2018,35048675
LTU,Lithuania,2019,19624018
MKD,North Macedonia,2013,-31745802
MKD,North Macedonia,2014,-32191621
MKD,North Macedonia,2015,-30661050
MKD,North Macedonia,2016,-28888680
MKD,North Macedonia,2017,-31818596
MKD,North Macedonia,2018,-32179498
MKD,North Macedonia,2019,-29993268
MDG,Madagascar,2013,-10691909
MDG,Madagascar,2014,-15760056
MDG,Madagascar,2015,-19873242
MDG,Madagascar,2016,-21393430
MDG,Madagascar,2017,-15828645
MDG,Madagascar,2018,-19728925
MDG,Madagascar,2019,-17282162
MWI,Malawi,2013,-20577595
MWI,Malawi,2014,-32263741
MWI,Malawi,2015,-16931019
MWI,Malawi,2016,-6850364
MWI,Malawi,2017,-31675537
MWI,Malawi,2018,-17784007
MWI,Malawi,2019,-14700527
MYS,Malaysia,2013,2669576677
MYS,Malaysia,2014,2795911253
MYS,Malaysia,2015,3071779239
MYS,Malaysia,2016,3049472564
MYS,Malaysia,2017,4454349083
MYS,Malaysia,2018,4530779853
MYS,Malaysia,2019,4340634692
MDV,Maldives,2016,-12246085
MDV,Maldives,2017,-10805369
MDV,Maldives,2018,-15737345
MLI,Mali,2016,-7142552
MLI,Mali,2017,-16037489
MLT,Malta,2013,-31131556
MLT,Malta,2014,-31836467
MLT,Malta,2015,-33579605
MLT,Malta,2016,-30645573
MLT,Malta,2017,-24410733
MLT,Malta,2018,-28746569
MLT,Malta,2019,-32338094
MRT,Mauritania,2016,-644811
MRT,Mauritania,2017,-2499823
MRT,Mauritania,2018,-1295197
MRT,Mauritania,2019,-2272232
MUS,Mauritius,2013,-17237419
MUS,Mauritius,2014,-8671932
MUS,Mauritius,2015,26779562
MUS,Mauritius,2016,23413552
MUS,Mauritius,2017,-14846010
MUS,Mauritius,2018,-23151817
MUS,Mauritius,2019,-13488539
FSM,Micronesia (Federated States of),2013,-1403166
MDA,Republic of Moldova,2013,-44191599
MDA,Republic of Moldova,2014,-40567742
MDA,Republic of Moldova,2015,-34086685
MDA,Republic of Moldova,2016,-38427159
MDA,Republic of Moldova,2017,-42604736
MDA,Republic of Moldova,2018,-47858628
MDA,Republic of Moldova,2019,-45460790
MNG,Mongolia,2013,-19007112
MNG,Mongolia,2014,-22824991
MNG,Mongolia,2015,-18403274
MNG,Mongolia,2016,-23732231
MNG,Mongolia,2017,-13263639
MNG,Mongolia,2018,-23932968
MNG,Mongolia,2019,-22924124
MSR,Montserrat,2013,-210685
MSR,Montserrat,2014,-192641
MAR,Morocco,2013,-285273677
MAR,Morocco,2014,-387713635
MAR,Morocco,2015,-321884610
MAR,Morocco,2016,-392281323
MAR,Morocco,2017,-378500358
MAR,Morocco,2018,-400447656
MAR,Morocco,2019,-419509048
MOZ,Mozambique,2013,-43078828
MOZ,Mozambique,2014,-37643550
MOZ,Mozambique,2016,-25435432
MOZ,Mozambique,2017,-31374068
MOZ,Mozambique,2018,-30165080
MMR,Myanmar,2013,-23297865
MMR,Myanmar,2014,-26760376
MMR,Myanmar,2015,-19672334
MMR,Myanmar,2016,-6240342
MMR,Myanmar,2017,-18714258
MMR,Myanmar,2018,29221193
MMR,Myanmar,2019,-56324899
NAM,Namibia,2013,-27647105
NAM,Namibia,2014,-29036422
NAM,Namibia,2015,-30851561
NAM,Namibia,2016,-28505466
NAM,Namibia,2017,-22169773
NAM,Namibia,2018,-18908603
NAM,Namibia,2019,-16384802
NPL,Nepal,2013,-31339292
NPL,Nepal,2014,-35650722
NPL,Nepal,2015,-38646971
NPL,Nepal,2016,-37256135
NPL,Nepal,2017,-56992352
NCL,New Caledonia,2013,-25574938
NCL,New Caledonia,2014,-22709588
NCL,New Caledonia,2015,-21385884
NIC,Nicaragua,2013,-29516080
NIC,Nicaragua,2014,-31422824
NIC,Nicaragua,2015,-25804608
NIC,Nicaragua,2016,-85196613
NIC,Nicaragua,2017,-90051247
NIC,Nicaragua,2018,-68556497
NIC,Nicaragua,2019,-62404393
NER,Niger,2013,-4434523
NER,Niger,2014,-5499909
NER,Niger,2015,-4570077
NER,Niger,2016,-8606277
NER,Niger,2017,-4084787
NER,Niger,2018,-6354812
NGA,Nigeria,2013,16311521
NGA,Nigeria,2014,-142299001
NGA,Nigeria,2015,-83791326
NGA,Nigeria,2017,-64465863
NGA,Nigeria,2018,-85602367
NGA,Nigeria,2019,-99398376
PSE,Palestine,2013,-12925795
PSE,Palestine,2014,-13204691
PSE,Palestine,2015,-10630267
PSE,Palestine,2016,-21815026
PSE,Palestine,2017,-20244955
PSE,Palestine,2018,-17918582
PSE,Palestine,2019,-17419615
OMN,Oman,2013,-419370248
OMN,Oman,2014,-204822733
OMN,Oman,2015,-468347513
OMN,Oman,2016,-420365939
OMN,Oman,2017,-545500058
OMN,Oman,2018,-338622924
PAK,Pakistan,2013,325894082
PAK,Pakistan,2014,-71322674
PAK,Pakistan,2015,-99073696
PAK,Pakistan,2016,-78415912
PAK,Pakistan,2017,739400
PAK,Pakistan,2018,-78746297
PAK,Pakistan,2019,-86070712
PLW,Palau,2014,-1502405
PLW,Palau,2015,-1338992
PLW,Palau,2016,-1219947
PLW,Palau,2017,-1362149
PAN,Panama,2013,-18990547
PAN,Panama,2014,-1704212
PAN,Panama,2015,-3058214
PAN,Panama,2016,-27219837
PAN,Panama,2017,-119742863
PRY,Paraguay,2013,-346377271
PRY,Paraguay,2014,-316658956
PRY,Paraguay,2015,-191879970
PRY,Paraguay,2016,-212427383
PRY,Paraguay,2017,-315862745
PRY,Paraguay,2018,-283279711
PRY,Paraguay,2019,-117664140
PER,Peru,2013,-130518881
PER,Peru,2014,-132577515
PER,Peru,2015,-172947885
PER,Peru,2016,-138152058
PER,Peru,2017,-109530061
PER,Peru,2018,-126570405
PER,Peru,2019,-124940124
PHL,Philippines,2013,-142679302
PHL,Philippines,2014,-50192292
PHL,Philippines,2015,-52728305
PHL,Philippines,2016,-209184719
PHL,Philippines,2017,-404198379
PHL,Philippines,2018,-481542338
PHL,Philippines,2019,-608319905
QAT,Qatar,2013,-555406612
QAT,Qatar,2014,-702756885
QAT,Qatar,2015,-526246880
QAT,Qatar,2016,-791649052
QAT,Qatar,2017,-531244984
QAT,Qatar,2018,-633460617
QAT,Qatar,2019,-581511137
ROU,Romania,2013,-211311544
ROU,Romania,2014,-227726894
ROU,Romania,2015,-202483822
ROU,Romania,2016,-182427985
ROU,Romania,2017,-211318410
ROU,Romania,2018,-224803918
ROU,Romania,2019,-195765172
RUS,Russian Federation,2013,-1848136171
RUS,Russian Federation,2014,-743388377
RUS,Russian Federation,2015,-320082754
RUS,Russian Federation,2016,-409795242
RUS,Russian Federation,2017,-664777952
RUS,Russian Federation,2018,-829203644
RUS,Russian Federation,2019,-777128910
RWA,Rwanda,2013,-17082270
RWA,Rwanda,2014,-56896818
RWA,Rwanda,2015,-11929751
RWA,Rwanda,2016,-20976989
RWA,Rwanda,2017,-21373093
RWA,Rwanda,2018,-14200477
RWA,Rwanda,2019,-13537669
KNA,Saint Kitts and Nevis,2013,-11411183
KNA,Saint Kitts and Nevis,2014,-12829257
KNA,Saint Kitts and Nevis,2015,-12253676
KNA,Saint Kitts and Nevis,2016,-10083394
KNA,Saint Kitts and Nevis,2017,-10415220
LCA,Saint Lucia,2013,6828677
LCA,Saint Lucia,2014,9270163
LCA,Saint Lucia,2015,7402614
LCA,Saint Lucia,2016,5703454
LCA,Saint Lucia,2017,7851463
LCA,Saint Lucia,2018,9572551
LCA,Saint Lucia,2019,4679181
VCT,Saint Vincent and the Grenadines,2013,-4877710
VCT,Saint Vincent and the Grenadines,2014,-2819424
VCT,Saint Vincent and the Grenadines,2015,-3028791
VCT,Saint Vincent and the Grenadines,2016,-2927657
VCT,Saint Vincent and the Grenadines,2017,-2674339
VCT,Saint Vincent and the Grenadines,2018,-2988608
VCT,Saint Vincent and the Grenadines,2019,-2606458
WSM,Samoa,2013,-2106706
WSM,Samoa,2014,-2155329
WSM,Samoa,2015,-1904341
WSM,Samoa,2016,-1579419
WSM,Samoa,2017,-1403003
WSM,Samoa,2018,-1164503
WSM,Samoa,2019,-1336607
STP,Sao Tome and Principe,2013,-585460
STP,Sao Tome and Principe,2014,-705903
STP,Sao Tome and Principe,2015,-939639
STP,Sao Tome and Principe,2016,-390446
STP,Sao Tome and Principe,2017,-513547
STP,Sao Tome and Principe,2018,-447623
STP,Sao Tome and Principe,2019,-359071
SAU,Saudi Arabia,2013,-330456417
SAU,Saudi Arabia,2014,-371168713
SAU,Saudi Arabia,2015,-560245015
SAU,Saudi Arabia,2016,-363175819
SAU,Saudi Arabia,2017,-527375149
SAU,Saudi Arabia,2018,-896620088
SAU,Saudi Arabia,2019,-1487633727
SEN,Senegal,2013,-19524598
SEN,Senegal,2014,-24200029
SEN,Senegal,2015,-19954068
SEN,Senegal,2016,-23667099
SEN,Senegal,2017,-19642599
SEN,Senegal,2018,-17883160
SEN,Senegal,2019,-27164185
SYC,Seychelles,2013,-2781526
SYC,Seychelles,2014,-2911092
SYC,Seychelles,2015,-4592042
SYC,Seychelles,2016,-4945881
SYC,Seychelles,2017,-2971318
SYC,Seychelles,2018,-3735134
SYC,Seychelles,2019,-3467663
SLE,Sierra Leone,2014,-5712092
SLE,Sierra Leone,2015,-3368437
SLE,Sierra Leone,2016,-5607374
SLE,Sierra Leone,2017,-5422830
SLE,Sierra Leone,2018,-9772619
SGP,Singapore,2013,1130666494
SGP,Singapore,2014,1888117658
SGP,Singapore,2015,2363276799
SGP,Singapore,2016,2402824124
SGP,Singapore,2017,2044133671
SGP,Singapore,2018,2331105671
SGP,Singapore,2019,1640737240
SVN,Slovenia,2013,9111414
SVN,Slovenia,2014,-23921357
SVN,Slovenia,2015,-11891124
SVN,Slovenia,2016,-5596284
SVN,Slovenia,2017,-5583263
SVN,Slovenia,2018,-19977923
SVN,Slovenia,2019,-8497686
SLB,Solomon Islands,2013,-379771
SLB,Solomon Islands,2014,-291546
SLB,Solomon Islands,2015,-1569520
SLB,Solomon Islands,2016,-2574305
SLB,Solomon Islands,2017,-1766760
SLB,Solomon Islands,2018,-3536764
ZAF,South Africa,2013,-377414642
ZAF,South Africa,2014,-365012744
ZAF,South Africa,2015,-220329488
ZAF,South Africa,2016,-155248853
ZAF,South Africa,2017,-134539625
ZAF,South Africa,2018,-75635497
ZAF,South Africa,2019,-60772200
LKA,Sri Lanka,2013,-146457034
LKA,Sri Lanka,2014,-215853140
LKA,Sri Lanka,2015,-210891245
LKA,Sri Lanka,2016,-278983542
LKA,Sri Lanka,2017,-318387638
SDN,Sudan,2014,-10850730
SDN,Sudan,2015,-33679331
SDN,Sudan,2016,8691880
SDN,Sudan,2017,-2869676
SDN,Sudan,2018,-33617512
SUR,Suriname,2013,-19537210
SUR,Suriname,2014,-5790789
SUR,Suriname,2015,-4841792
SUR,Suriname,2016,-1784440
SUR,Suriname,2017,-2199397
SUR,Suriname,2018,-2103332
SUR,Suriname,2019,-2900293
SWZ,Eswatini,2013,10985563
SWZ,Eswatini,2014,3245242
SWZ,Eswatini,2015,445605
SWZ,Eswatini,2016,-613828
SWZ,Eswatini,2017,-3225349
SWZ,Eswatini,2018,-1730114
SWZ,Eswatini,2019,-5232127
TZA,United Republic of Tanzania,2013,-27134332
TZA,United Republic of Tanzania,2014,-31335319
TZA,United Republic of Tanzania,2015,-50360517
TZA,United Republic of Tanzania,2016,-21957315
TZA,United Republic of Tanzania,2017,-18211247
TZA,United Republic of Tanzania,2018,110433018
THA,Thailand,2013,2191287757
THA,Thailand,2014,2337829302
THA,Thailand,2015,2100377754
THA,Thailand,2016,2027144475
THA,Thailand,2017,1785220709
THA,Thailand,2018,2002143508
THA,Thailand,2019,1460790675
TLS,Timor-Leste,2013,-1763421
TLS,Timor-Leste,2017,-2577496
TGO,Togo,2013,-3040583
TGO,Togo,2014,-1761481
TGO,Togo,2015,-3226426
TGO,Togo,2016,-3581313
TGO,Togo,2017,-2354480
TGO,Togo,2018,-5165678
TGO,Togo,2019,-6394844
TON,Tonga,2013,-1422275
TON,Tonga,2014,-2531552
TTO,Trinidad and Tobago,2013,-23172331
TTO,Trinidad and Tobago,2014,-19393544
TTO,Trinidad and Tobago,2015,-14024439
TUN,Tunisia,2013,-93099798
TUN,Tunisia,2014,-112697393
TUN,Tunisia,2015,-86344727
TUN,Tunisia,2016,-92910140
TUN,Tunisia,2017,-112734352
TUN,Tunisia,2018,-117359413
TUN,Tunisia,2019,-102099804
UGA,Uganda,2013,-21990549
UGA,Uganda,2014,-15650269
UGA,Uganda,2015,-17664277
UGA,Uganda,2016,-13205568
UGA,Uganda,2017,-19335158
UGA,Uganda,2018,-14214036
UKR,Ukraine,2013,-62646086
UKR,Ukraine,2014,-46310968
UKR,Ukraine,2015,-37719649
UKR,Ukraine,2016,-82217080
UKR,Ukraine,2017,-89432314
UKR,Ukraine,2018,-112399377
ARE,United Arab Emirates,2013,-84721180
ARE,United Arab Emirates,2014,2316032834
ARE,United Arab Emirates,2015,3539034962
ARE,United Arab Emirates,2016,4253947340
ARE,United Arab Emirates,2017,7205868957
ARE,United Arab Emirates,2018,1478107385
ARE,United Arab Emirates,2019,172537433
URY,Uruguay,2013,-28031335
URY,Uruguay,2014,-27211765
URY,Uruguay,2015,-26876518
URY,Uruguay,2016,-40917438
URY,Uruguay,2017,-39448682
URY,Uruguay,2018,-40956066
URY,Uruguay,2019,-34828208
VEN,Venezuela (Bolivarian Republic of),2013,-137445623
VNM,Viet Nam,2013,-525023083
VNM,Viet Nam,2014,-557822341
VNM,Viet Nam,2015,-657251439
VNM,Viet Nam,2016,-584193141
VNM,Viet Nam,2017,-1102987996
VNM,Viet Nam,2018,-1156652197
VNM,Viet Nam,2019,609620859
YEM,Yemen,2013,-9691459
YEM,Yemen,2014,-11124214
YEM,Yemen,2015,-4090741
ZMB,Zambia,2013,-5077354
ZMB,Zambia,2014,-23778531
ZMB,Zambia,2015,-24129813
ZMB,Zambia,2016,-20613574
ZMB,Zambia,2017,-32792417
ZMB,Zambia,2018,-31899054
ZMB,Zambia,2019,-34327517
ZWE,Zimbabwe,2013,-4594645
ZWE,Zimbabwe,2014,-1230253
ZWE,Zimbabwe,2015,-288453
ZWE,Zimbabwe,2016,4322678
ZWE,Zimbabwe,2017,6319306
ZWE,Zimbabwe,2018,59992800
ZWE,Zimbabwe,2019,157385802
MAC,"China, Macao Special Administrative Region",2014,-1342415575
MAC,"China, Macao Special Administrative Region",2015,-1008373195
MAC,"China, Macao Special Administrative Region",2016,-907872742
MAC,"China, Macao Special Administrative Region",2018,-1098969666
MAC,"China, Macao Special Administrative Region",2019,-1058823835
SRB,Serbia,2013,-40478766
SRB,Serbia,2014,-25226690
SRB,Serbia,2015,-35748409
SRB,Serbia,2016,-41344319
SRB,Serbia,2017,-10435923
SRB,Serbia,2018,-24045374
SRB,Serbia,2019,-17854764
MNE,Montenegro,2013,-16567678
MNE,Montenegro,2014,-18062766
MNE,Montenegro,2015,-12082869
MNE,Montenegro,2016,-13664763
MNE,Montenegro,2017,-14024690
MNE,Montenegro,2018,-17450546
40334,Least Developed Countries,2013,-1504410921
40334,Least Developed Countries,2014,-1682955068
40334,Least Developed Countries,2015,-2128108767
40334,Least Developed Countries,2016,-2181876704
40334,Least Developed Countries,2017,-1703624464
40334,Least Developed Countries,2018,-1919011874
40334,Least Developed Countries,2019,-1805336355
40330,Landlocked Developing Countries,2013,-958365563
40330,Landlocked Developing Countries,2014,-1247470747
40330,Landlocked Developing Countries,2015,-781630816
40330,Landlocked Developing Countries,2016,-1205663326
40330,Landlocked Developing Countries,2017,-788525060
40330,Landlocked Developing Countries,2018,-780142694
40330,Landlocked Developing Countries,2019,-406294794
40344,Small Island Developing States,2013,735505089
40344,Small Island Developing States,2014,1516740922
40344,Small Island Developing States,2015,2158079880
40344,Small Island Developing States,2016,2222922320
40344,Small Island Developing States,2017,1675622606
40344,Small Island Developing States,2018,1910373601
40344,Small Island Developing States,2019,1487047253
40041,High income countries,2013,-29012638796
40041,High income countries,2014,-27603480736
40041,High income countries,2015,-26794930634
40041,High income countries,2016,-22751780501
40041,High income countries,2017,-15089955219
40041,High income countries,2018,-24815711273
40041,High income countries,2019,-20154944999
40675,World,2013,38813695429
40675,World,2014,62846280920
40675,World,2015,32753120649
40675,World,2016,33239792490
40675,World,2017,38150463129
40675,World,2018,32087724019
40675,World,2019,39224769097
40044,Low income countries,2013,3649727836
40044,Low income countries,2014,4593294244
40044,Low income countries,2015,3973529474
40044,Low income countries,2016,3540113313
40044,Low income countries,2017,4285269589
40044,Low income countries,2018,5150564534
40044,Low income countries,2019,6126071106
40043,Upper middle income countries,2013,57995894807
40043,Upper middle income countries,2014,77531761839
40043,Upper middle income countries,2015,51064691307
40043,Upper middle income countries,2016,45038903319
40043,Upper middle income countries,2017,44357870200
40043,Upper middle income countries,2018,45678396121
40043,Upper middle income countries,2019,44153884186
40042,Lower middle income countries,2013,6180711582
40042,Lower middle income countries,2014,8324705573
40042,Lower middle income countries,2015,4509830503
40042,Lower middle income countries,2016,7412556359
40042,Lower middle income countries,2017,4597278560
40042,Lower middle income countries,2018,6074474636
40042,Lower middle income countries,2019,9099758804
40619,Asia (Eastern and South-eastern),2013,45025456226
40619,Asia (Eastern and South-eastern),2014,61752953336
40619,Asia (Eastern and South-eastern),2015,36898341127
40619,Asia (Eastern and South-eastern),2016,30976910939
40619,Asia (Eastern and South-eastern),2017,42005166748
40619,Asia (Eastern and South-eastern),2018,44918114051
40619,Asia (Eastern and South-eastern),2019,46114061158
40617,Western Asia and Northern Africa,2013,-411803416
40617,Western Asia and Northern Africa,2014,3438227787
40617,Western Asia and Northern Africa,2015,3785898829
40617,Western Asia and Northern Africa,2016,4545898484
40617,Western Asia and Northern Africa,2017,7406520899
40617,Western Asia and Northern Africa,2018,1056243135
40617,Western Asia and Northern Africa,2019,-197934215
40618,Asia (Central and Southern),2013,9242184636
40618,Asia (Central and Southern),2014,10666275523
40618,Asia (Central and Southern),2015,7135285823
40618,Asia (Central and Southern),2016,10271207764
40618,Asia (Central and Southern),2017,8697373895
40618,Asia (Central and Southern),2018,10344332815
40618,Asia (Central and Southern),2019,11877222961
40630,Latin America and the Caribbean,2013,-3641310850
40630,Latin America and the Caribbean,2014,-3904559386
40630,Latin America and the Caribbean,2015,-3266008101
40630,Latin America and the Caribbean,2016,-3127171573
40630,Latin America and the Caribbean,2017,-4352927729
40630,Latin America and the Caribbean,2018,-5097437350
40630,Latin America and the Caribbean,2019,-3996920731
40656,Oceania (excl. Australia/New Zealand),2013,-73324483
40656,Oceania (excl. Australia/New Zealand),2014,-71803199
40656,Oceania (excl. Australia/New Zealand),2015,-56724415
40656,Oceania (excl. Australia/New Zealand),2016,-22849200
40656,Oceania (excl. Australia/New Zealand),2017,-25574960
40656,Oceania (excl. Australia/New Zealand),2018,-26953660
40656,Oceania (excl. Australia/New Zealand),2019,-20957868
40603,Africa (Northern),2013,-1577889384
40603,Africa (Northern),2014,-893043459
40603,Africa (Northern),2015,-766981119
40603,Africa (Northern),2016,-944609867
40603,Africa (Northern),2017,-816597231
40603,Africa (Northern),2018,-1079688558
40603,Africa (Northern),2019,-789145400
40612,Asia (Central),2013,-248975294
40612,Asia (Central),2014,-311510790
40612,Asia (Central),2015,-104745563
40612,Asia (Central),2016,-101433840
40612,Asia (Central),2017,-160799779
40612,Asia (Central),2018,-173674747
40612,Asia (Central),2019,-234065117
40640,Northern America ,2013,-10536952372
40640,Northern America ,2014,-9012041840
40640,Northern America ,2015,-13219054776
40640,Northern America ,2016,-12148096049
40640,Northern America ,2017,-15055355017
40640,Northern America ,2018,-15306822105
40640,Northern America ,2019,-15938714005
40606,Africa (Sub-Saharan) ,2013,-957797928
40606,Africa (Sub-Saharan) ,2014,-1078020323
40606,Africa (Sub-Saharan) ,2015,-824677356
40606,Africa (Sub-Saharan) ,2016,-1035464920
40606,Africa (Sub-Saharan) ,2017,-798692594
40606,Africa (Sub-Saharan) ,2018,-470446441
40606,Africa (Sub-Saharan) ,2019,-324423701
40650,Oceania,2013,-2441520788
40650,Oceania,2014,-2717176440
40650,Oceania,2015,-2469402574
40650,Oceania,2016,-2403992626
40650,Oceania,2017,-2514772371
40650,Oceania,2018,-2541215535
40650,Oceania,2019,-2334474817
40642,Northern America and Europe,2013,-8001512451
40642,Northern America and Europe,2014,-5311419578
40642,Northern America and Europe,2015,-8506317099
40642,Northern America and Europe,2016,-5987595578
40642,Northern America and Europe,2017,-12292205719
40642,Northern America and Europe,2018,-16121866656
40642,Northern America and Europe,2019,-11912761558
40611,Asia (Eastern),2013,40449395668
40611,Asia (Eastern),2014,54230070020
40611,Asia (Eastern),2015,27937309672
40611,Asia (Eastern),2016,21419019592
40611,Asia (Eastern),2017,33984717576
40611,Asia (Eastern),2018,37489157722
40611,Asia (Eastern),2019,38602523536
40620,Europe,2013,2535439922
40620,Europe,2014,3700622262
40620,Europe,2015,4712737677
40620,Europe,2016,6160500472
40620,Europe,2017,2763149298
40620,Europe,2018,-815044551
40620,Europe,2019,4025952447
40614,Asia (Western),2013,1166085968
40614,Asia (Western),2014,4331271246
40614,Asia (Western),2015,4552879948
40614,Asia (Western),2016,5490508351
40614,Asia (Western),2017,8223118130
40614,Asia (Western),2018,2135931693
40614,Asia (Western),2019,591211185
40613,Asia (South-eastern),2013,4576060558
40613,Asia (South-eastern),2014,7522883316
40613,Asia (South-eastern),2015,8961031455
40613,Asia (South-eastern),2016,9557891346
40613,Asia (South-eastern),2017,8020449172
40613,Asia (South-eastern),2018,7428956329
40613,Asia (South-eastern),2019,7511537622
40616,Asia (Southern),2013,9491159930
40616,Asia (Southern),2014,10977786313
40616,Asia (Southern),2015,7240031386
40616,Asia (Southern),2016,10372641604
40616,Asia (Southern),2017,8858173674
40616,Asia (Southern),2018,10518007562
40616,Asia (Southern),2019,12111288078
40651,Oceania (Australia/New Zealand),2013,-2368196305
40651,Oceania (Australia/New Zealand),2014,-2645373241
40651,Oceania (Australia/New Zealand),2015,-2412678159
40651,Oceania (Australia/New Zealand),2016,-2381143426
40651,Oceania (Australia/New Zealand),2017,-2489197412
40651,Oceania (Australia/New Zealand),2018,-2514261876
40651,Oceania (Australia/New Zealand),2019,-2313516949
UZB,Uzbekistan,2017,-7529283
UZB,Uzbekistan,2018,-9317273
UZB,Uzbekistan,2019,-31821479
LBY,Libya,2016,-121590602
LBY,Libya,2018,-211154083
AGO,Angola,2015,-44528361
AGO,Angola,2016,-23518230
AGO,Angola,2017,-27040618
AGO,Angola,2018,-27488623